"기관케이스ID","기관케이스_업체명","기관","상태","담당자","등록일","추정원인"
"7b3708ae-242a-4928-baab-665062ed1738","(유)누리관광_인증서 없음","중소벤처기업진흥공단","진행 중","유진","2026-05-28","밑줄(_) 메모"
"f1df6c08-5404-47ac-9243-b8dd90d99b93","(주)123에프앤비","신용보증재단","자금집행완료","정원","2026-05-14","법인 표기 차이((주)/주)…)"
"0715b864-d1cd-4878-ab19-0afe8c70a0ce","(주)123에프앤비(스마트기기 자료 재요청중)","소상공인시장진흥공단","반려","유진","2026-05-13","법인 표기 차이((주)/주)…)"
"1062a09e-ec85-430c-a147-0889371bccaf","(주)123푸드 (신청 보류)","중소벤처기업진흥공단","보류","미현","2026-05-13","법인 표기 차이((주)/주)…)"
"b5804a49-e64a-437b-819e-3c386d0ee87b","(주)CBSC","소상공인시장진흥공단","시작 전","유진","2026-05-13","법인 표기 차이((주)/주)…)"
"e2ed8c2b-8b04-4cdf-8833-e3ad68f07d7e","(주)nan","중소벤처기업진흥공단","시작 전","","2026-05-16","법인 표기 차이((주)/주)…)"
"626d15e0-c15b-4824-bd67-6b785e638fbc","(주)nan","기술보증기금","시작 전","","2026-05-16","법인 표기 차이((주)/주)…)"
"47e54a3c-b167-412d-b972-e176f491b327","(주)nan","신용보증기금","시작 전","","2026-05-16","법인 표기 차이((주)/주)…)"
"319c0ba6-fd78-4086-acf0-1df6d6abaca4","(주)경문도어시스템(말일)","신용보증기금","자금집행완료","정원","2026-05-14","법인 표기 차이((주)/주)…)"
"7cf6831b-891f-4b5f-ba9e-78a4ae7d701c","(주)경문도어시스템(말일)","신용보증기금","자금집행완료","정원","2026-05-14","법인 표기 차이((주)/주)…)"
"fa26739f-1ec8-4d3b-8d83-9272af01750e","(주)경문도어시스템(말일)","신용보증기금","자금집행완료","정원","2026-05-14","법인 표기 차이((주)/주)…)"
"ffcd1ae0-da23-4378-9b92-edea78dff3c1","(주)그린준_법인","소상공인시장진흥공단","상담/진단완료","","2026-05-14","법인/개인 접미사"
"45a6b8a2-0074-4c83-977d-d725dec36683","(주)그린준_법인","소상공인시장진흥공단","상담/진단완료","유진","2026-05-14","법인/개인 접미사"
"742fbac8-0514-445c-808f-2a55a0a0b442","(주)그린준_법인","소상공인시장진흥공단","상담/진단완료","","2026-05-14","법인/개인 접미사"
"3c04b677-958c-4263-860d-07e6ef6b1085","(주)그린준_법인","소상공인시장진흥공단","시작 전","유진","2026-05-13","법인/개인 접미사"
"9ba0d054-af4b-4c08-b0cc-543bde24212f","(주)글라스히어로즈_유선","중소벤처기업진흥공단","부결","유진","2026-05-13","밑줄(_) 메모"
"2d5df348-acfc-4b2a-9a52-e3b217fed9a7","(주)글라스히어로즈_유선","중소벤처기업진흥공단","완료","유진","2026-05-13","밑줄(_) 메모"
"4cc450e5-194d-4a6c-8a9b-f1b824179dcd","(주)길온물류(동안주유소)_내용동일","소상공인시장진흥공단","시작 전","관호","2026-05-13","밑줄(_) 메모"
"857593bb-58d6-4109-ba4f-fa39c75c6ad1","(주)더스티치 (체납처리 확인 )","소상공인시장진흥공단","완료","관호","2026-05-13","법인 표기 차이((주)/주)…)"
"9c8021c5-c116-4978-89e3-f481b8dcd1b0","(주)더스티치 (체납처리 확인 )","소상공인시장진흥공단","시작 전","관호","2026-05-13","법인 표기 차이((주)/주)…)"
"63621dd7-265b-4a65-85ca-3186269e2699","(주)더푸른식품_(보내준다고하심)","구조혁신&사업전환","시작 전","","2026-05-16","밑줄(_) 메모"
"3b968406-2049-4513-93c7-6b3331427c32","(주)리딩트러스트_1억","중소벤처기업진흥공단","완료","유진","2026-05-13","밑줄(_) 메모"
"3aac17b5-a1e8-45b0-a585-75636747f998","(주)마블링축산_법인","소상공인시장진흥공단","자금집행완료","유진","2026-05-14","법인/개인 접미사"
"2f344a6e-4d2a-4ec0-81bd-7bc3ca40e08a","(주)마블링축산_법인","소상공인시장진흥공단","자금집행완료","유진","2026-05-14","법인/개인 접미사"
"8e7fe861-45b8-405e-b410-342fd6928dce","(주)마블링축산_법인","소상공인시장진흥공단","자금집행완료","유진","2026-05-14","법인/개인 접미사"
"805a1b73-8da6-4693-87d2-4226864cfccd","(주)백발명가(스마트기기 요건 확인안됨)","소상공인시장진흥공단","시작 전","유진","2026-05-13","법인 표기 차이((주)/주)…)"
"fbbed725-1b05-46aa-bf17-0bfd0fbe3169","(주)베누스메드(최종제출 안내드림)","중소벤처기업진흥공단","부결","유진","2026-05-13","법인 표기 차이((주)/주)…)"
"218014c6-2234-4dd2-afd9-58fa6a941179","(주)보원유통_유선","중소벤처기업진흥공단","부결","관호","2026-05-13","밑줄(_) 메모"
"53fbbe87-ca5d-4ec7-a5a8-1b0c849a0069","(주)보원유통_유선","중소벤처기업진흥공단","부결","유진","2026-05-13","밑줄(_) 메모"
"4fb73bbf-ce1f-4eb7-a7bd-e2beb84da143","(주)솔스킨 ( 보성무역 대표님 법인 사업장","소상공인시장진흥공단","보류","유진","2026-05-16","법인 표기 차이((주)/주)…)"
"68d05c67-fdf3-4b57-86bd-78b37fef0547","(주)썸업팜  ( 주소지 변경 후 신청 )","신용보증기금","시작 전","","2026-05-13","법인 표기 차이((주)/주)…)"
"b4f00482-6232-4cd5-b85b-88551afb6da4","(주)애슐런컴퍼니(최종제출 안내드림)","중소벤처기업진흥공단","부결","현애","2026-05-13","법인 표기 차이((주)/주)…)"
"aa93b517-9985-4f3e-b3e8-458b9c510b31","(주)에스엔정보시스템_인증 부분만 유선","중소벤처기업진흥공단","부결","유진","2026-05-13","밑줄(_) 메모"
"e94bc3df-fb92-4314-ab7b-999657984b0f","(주)에스엔정보시스템_인증 부분만 유선","중소벤처기업진흥공단","부결","미현","2026-06-04","밑줄(_) 메모"
"94959ec9-0507-4d8e-8a9e-e84b758bece9","(주)에스엔정보시스템_인증 부분만 유선","중소벤처기업진흥공단","시작 전","미현","2026-07-01","밑줄(_) 메모"
"8aa776f9-0dcd-4666-aa73-0129546275a7","(주)에스엔정보시스템_인증 부분만 유선","중소벤처기업진흥공단","부결","미현","2026-05-13","밑줄(_) 메모"
"fa1f5159-e7af-497e-b01e-62cab9d54f93","(주)에스와이커뮤니티_공고링크 받아야함","중소벤처기업진흥공단","부결","현애","2026-05-13","밑줄(_) 메모"
"abb1e79f-a3b5-49ce-9947-7ba090275be8","(주)에이엔알 _유선","중소벤처기업진흥공단","승인","","2026-05-13","밑줄(_) 메모"
"bc38dd47-2dd4-457e-940f-e4c60fea5d1f","(주)에이엔알 _유선","중소벤처기업진흥공단","승인","","2026-05-13","밑줄(_) 메모"
"996fcdce-4634-4191-b8e9-09f56baf1a35","(주)에이치제이에프1","중소벤처기업진흥공단","부결","","2026-05-13","법인 표기 차이((주)/주)…)"
"cb1b9ce9-ae0c-4481-ac78-2450a9b9f44a","(주)에이치제이에프1","중소벤처기업진흥공단","부결","","2026-05-13","법인 표기 차이((주)/주)…)"
"820dbfa1-0563-4332-bf93-a57e5c843327","(주)에이치제이에프1","중소벤처기업진흥공단","부결","유진","2026-05-13","법인 표기 차이((주)/주)…)"
"01cc0f31-6b0d-4c00-bfc0-8e2f0fb3027e","(주)에이치제이에프1","소상공인시장진흥공단","시작 전","유진","2026-05-13","법인 표기 차이((주)/주)…)"
"36480a73-6178-4c6f-8397-52f3162b5d56","(주)에이치제이에프1","중소벤처기업진흥공단","부결","지혜","2026-05-13","법인 표기 차이((주)/주)…)"
"fb6de975-ebec-4e32-82c3-517654d6dd51","(주)에이치제이에프1","소상공인시장진흥공단","부결","유진","2026-05-13","법인 표기 차이((주)/주)…)"
"7b50f926-c485-4014-8214-b6bc1401742a","(주)에이치제이에프1 _법인","소상공인시장진흥공단","자금집행완료","유진","2026-05-14","법인/개인 접미사"
"a51bca74-155f-4b95-8ded-88f8e854d622","(주)에이치제이에프1 _법인","소상공인시장진흥공단","자금집행완료","유진","2026-05-14","법인/개인 접미사"
"65f0f6df-1cdd-4169-a362-72257056321f","(주)에이치제이에프1(본인이 직접신청)","중소벤처기업진흥공단","부결","","2026-05-13","법인 표기 차이((주)/주)…)"
"35d245a9-37a2-496b-866a-c68cd71c551c","(주)에이치제이에프1(본인이 직접신청)","중소벤처기업진흥공단","부결","","2026-05-13","법인 표기 차이((주)/주)…)"
"6e1fc144-16f2-47ce-8dae-7584c4e70851","(주)엘앤엘디_계정 아직 안주심","중소벤처기업진흥공단","보류","유진","2026-05-20","밑줄(_) 메모"
"59ce5252-b59d-4140-a6a1-bcd0fb4a4daf","(주)엘케스트","신용보증기금","자금집행완료","유진","2026-05-14","법인 표기 차이((주)/주)…)"
"1fbee46d-5644-42a5-872a-d60d117552fb","(주)엘케스트","신용보증기금","자금집행완료","유진","2026-05-14","법인 표기 차이((주)/주)…)"
"2dfd9f5b-aa48-4f31-b347-27daee4862a6","(주)엘케스트","신용보증기금","자금집행완료","유진","2026-05-14","법인 표기 차이((주)/주)…)"
"deb890fe-4c4e-4e70-93c6-9804ab1329ed","(주)엘케이네스트코리아(유선안내)","중소벤처기업진흥공단","부결","유진","2026-05-13","법인 표기 차이((주)/주)…)"
"4a64d150-140a-4610-a041-b31d6ebbd78d","(주)엘케이네스트코리아(유선안내)","중소벤처기업진흥공단","부결","유진","2026-05-13","법인 표기 차이((주)/주)…)"
"69d7c221-5afa-4bc4-83e6-521f499cbe8e","(주)엠디케이컴퍼니 (유선안내)","중소벤처기업진흥공단","약정","유진","2026-05-13","법인 표기 차이((주)/주)…)"
"0aa5beab-891e-4d00-bf04-7186016e3e73","(주)엠디케이컴퍼니 (유선안내)","중소벤처기업진흥공단","약정","유진","2026-05-13","법인 표기 차이((주)/주)…)"
"a3fa4fd0-36d8-4f78-9c0e-74f4936c7ed7","(주)예가비즈(최종제출 안내드림)","중소벤처기업진흥공단","승인","유진","2026-05-13","법인 표기 차이((주)/주)…)"
"b79095a9-8488-4d8c-8a30-9fe38961fcf3","(주)와이에스푸드","소상공인시장진흥공단","보류","유진","2026-05-16","법인 표기 차이((주)/주)…)"
"7f76de4a-528b-49f1-ba93-86b285d3cbbd","(주)우정","신용보증기금","시작 전","동일","2026-05-17","법인 표기 차이((주)/주)…)"
"5b0f1b71-d7db-480b-9498-ecfa5e57314c","(주)우정에프엔비","구조혁신&사업전환","시작 전","","2026-05-16","법인 표기 차이((주)/주)…)"
"e25e66f8-3cbe-4e18-8786-642f3c23adcb","(주)웰딧_인증서 없음","중소벤처기업진흥공단","시작 전","동일","2026-06-19","밑줄(_) 메모"
"612b36fc-a6b9-485d-bdd6-c68df11acb7c","(주)웰딧_인증서 없음","중소벤처기업진흥공단","부결","동일","2026-05-28","밑줄(_) 메모"
"999f84aa-f103-4b5d-8768-ac9e291e8bd4","(주)유건 / 교육 이수 후 접수 완료","소상공인시장진흥공단","상담/진단완료","","2026-05-14","구분자(- /) 뒤 메모"
"53be8c7e-a11a-4e9c-a38a-14d6a805c3b0","(주)유건_법인","소상공인시장진흥공단","자금집행완료","유진","2026-05-14","법인/개인 접미사"
"fd8a7a5c-f47f-4332-affe-b350dc27809e","(주)유건_법인","소상공인시장진흥공단","자금집행완료","유진","2026-05-14","법인/개인 접미사"
"3ea47375-6419-4fb9-b420-cd477e9469b0","(주)유유코퍼레이션 (최종제출 안내드림)","중소벤처기업진흥공단","부결","지혜","2026-05-13","법인 표기 차이((주)/주)…)"
"3768682c-5499-4d14-a8bc-81514cf0231d","(주)유유코퍼레이션(스마트기기 자료 재요청중)","소상공인시장진흥공단","시작 전","유진","2026-05-13","법인 표기 차이((주)/주)…)"
"303703bd-fb7d-4800-b07d-a886e6f3e158","(주)이루미기획(혁신성장 스마트기기)","소상공인시장진흥공단","자금집행완료","유진","2026-05-14","법인 표기 차이((주)/주)…)"
"6e3fadc3-53ed-4191-80c9-9ad6659a4175","(주)입체로_2억 5천","중소벤처기업진흥공단","완료","미현","2026-05-13","밑줄(_) 메모"
"b4736e54-9c96-452c-a293-b1dbdbe62804","(주)잔나비에프앤비","소상공인시장진흥공단","시작 전","유진","2026-05-16","법인 표기 차이((주)/주)…)"
"039d8a71-9142-4e5f-b787-7d99ab00d4bc","(주)잔나비에프앤비","중소벤처기업진흥공단","부결","미현","2026-05-13","법인 표기 차이((주)/주)…)"
"e81e463a-9883-4802-bfb9-708f2cfd08e7","(주)준푸드","중소벤처기업진흥공단","보류","","2026-05-13","법인 표기 차이((주)/주)…)"
"5c6e157f-987d-4e34-a9ad-df1f4b50bcee","(주)준푸드","중소벤처기업진흥공단","보류","","2026-05-13","법인 표기 차이((주)/주)…)"
"58391f0c-9617-42c0-b184-c5cfd705efae","(주)준푸드__인증 부분만 유선","중소벤처기업진흥공단","부결","유진","2026-05-13","밑줄(_) 메모"
"d23467e9-9784-4555-9e08-d1d5e26bf732","(주)지제이건설","신용보증기금","부결","유진","2026-06-10","법인 표기 차이((주)/주)…)"
"071508c8-2f0a-44ed-bb50-21af3441b28a","(주)칸린_법인","소상공인시장진흥공단","자금집행완료","유진","2026-05-14","법인/개인 접미사"
"86514074-eeb8-4dd4-aa95-ba9f32f4b70e","(주)칸린_법인","소상공인시장진흥공단","시작 전","미현","2026-05-13","법인/개인 접미사"
"91220046-3d21-424d-8a11-064e0ece81cd","(주)칸린_법인","소상공인시장진흥공단","상담/진단완료","유진","2026-05-14","법인/개인 접미사"
"bd6bdf3b-4d81-4997-9605-b342d3a08192","(주)칸린_법인","소상공인시장진흥공단","자금집행완료","유진","2026-05-14","법인/개인 접미사"
"a9691ca5-a24a-4221-b389-9c32b1e8ae48","(주)태양로지스틱스(전진통운)","소상공인시장진흥공단","시작 전","동일","2026-06-22","법인 표기 차이((주)/주)…)"
"d81b7330-b898-4f44-9d5c-52eed7cba935","(주)텍코_유선_2억 5천","중소벤처기업진흥공단","완료","유진","2026-05-13","밑줄(_) 메모"
"011ee643-c746-451a-a664-19a4f18cc57f","(주)티케이이앤엠","신용보증재단","자금집행완료","","2026-05-14","법인 표기 차이((주)/주)…)"
"f530b42d-2016-46f7-a2c6-1be73b511877","(주)포스트케어(혁신성장 수출실적)","소상공인시장진흥공단","자금집행완료","유진","2026-05-14","법인 표기 차이((주)/주)…)"
"88aae9aa-9bb7-4f5b-b559-2dc7e10e685a","(주)포스트케이(사업장 이전 및 수출실적증명원 이후 진행)","소상공인시장진흥공단","상담/진단완료","유진","2026-05-14","법인 표기 차이((주)/주)…)"
"b3851b81-401c-47e1-bfe3-e70e52a2c8d0","(주)포스트케이(사업장 이전 및 수출실적증명원 이후 진행)","소상공인시장진흥공단","상담/진단완료","유진","2026-05-14","법인 표기 차이((주)/주)…)"
"c063d915-f5f0-494f-9fba-673a05e131ba","(주)푸드닥터","소상공인시장진흥공단","승인","유진","2026-05-13","법인 표기 차이((주)/주)…)"
"fe7e0dea-4304-4e4a-8225-450102a8b91e","(주)푸드닥터","구조혁신&사업전환","시작 전","","2026-05-16","법인 표기 차이((주)/주)…)"
"2c8b7bfa-4f3a-40fc-9596-d3baf98d7a48","(주)플러스제주","구조혁신&사업전환","시작 전","","2026-05-16","법인 표기 차이((주)/주)…)"
"19118b0f-2e60-4cf4-ba45-5290a0e6ec09","(주)피코스산업_계정 아직 안주심","중소벤처기업진흥공단","보류","동일","2026-05-26","밑줄(_) 메모"
"c0e9d443-11e5-4fa4-8327-ee2ce2577a1d","(주)한기협_ 최관호 신청","신용보증기금","기관신청완료/방문완료","","2026-05-14","밑줄(_) 메모"
"fd766b76-011f-49e5-b4e3-8d5485eab5c0","(주)한기협_ 최관호 신청","신용보증재단","기관신청완료/방문완료","","2026-05-14","밑줄(_) 메모"
"8497a78a-a208-4e3e-9521-22014f480c01","(주)한기협_ 최관호 신청","신용보증재단","기관신청완료/방문완료","","2026-05-14","밑줄(_) 메모"
"04a29785-7736-4f4c-8a91-1b7cab43a1ad","(주)한기협_ 최관호 신청","신용보증기금","기관신청완료/방문완료","","2026-05-14","밑줄(_) 메모"
"ad95e115-af67-41a3-9bc4-789e5a680d7d","(주)한기협_ 최관호 신청","신용보증재단","기관신청완료/방문완료","","2026-05-14","밑줄(_) 메모"
"ad2f1a73-2047-4bb8-b007-cccc3ca83fbc","(주)한기협_ 최관호 신청","신용보증기금","기관신청완료/방문완료","","2026-05-14","밑줄(_) 메모"
"63fd580a-5a65-4ec8-942b-5ef0f49ce7f0","(주)한산테크(본인이 직접신청)","중소벤처기업진흥공단","부결","","2026-05-13","법인 표기 차이((주)/주)…)"
"0a767945-acbb-42eb-bf3d-eb9e8f6c6b4e","(주)한산테크(본인이 직접신청)","중소벤처기업진흥공단","부결","","2026-05-13","법인 표기 차이((주)/주)…)"
"098bd453-facf-4f8f-a94b-cec93265b94d","(주)해온푸드(재무자료 요청X)","구조혁신&사업전환","시작 전","","2026-05-16","법인 표기 차이((주)/주)…)"
"6eb0fcc0-b40f-4f7c-b27a-19d53ea79dc1","(주)허브바이오","중소벤처기업진흥공단","보류","","2026-05-13","법인 표기 차이((주)/주)…)"
"cecf2b97-7515-4634-a8db-bf3670d32f3e","(주)허브바이오","중소벤처기업진흥공단","보류","","2026-05-13","법인 표기 차이((주)/주)…)"
"f40023c6-34a9-4625-9ae3-6467e53a06a9","(주)허브바이오","중소벤처기업진흥공단","보류","","2026-05-13","법인 표기 차이((주)/주)…)"
"8cb6bb07-a612-46c1-81f3-615c8638dc58","(주)허브바이오","중소벤처기업진흥공단","보류","","2026-05-13","법인 표기 차이((주)/주)…)"
"fa83c52a-248a-4385-a6f8-b0251b3a01dd","(주)휘율이에스티(체납건 처리해야함)","중소벤처기업진흥공단","보류","","2026-05-13","법인 표기 차이((주)/주)…)"
"88126246-99ed-47ba-9a6d-159e78167ed0","(주)휘율이에스티(체납건 처리해야함)","중소벤처기업진흥공단","보류","","2026-05-13","법인 표기 차이((주)/주)…)"
"61d038fe-c164-441e-9987-f29e016bd645","04/21 (주)엠씨리컴퍼니_강의이수","소상공인시장진흥공단","시작 전","유진","2026-05-13","밑줄(_) 메모"
"3a889131-0b83-47b6-ba67-742587a44e30","04/21 (주)이루미기획_강의이수","소상공인시장진흥공단","부결","유진","2026-05-13","밑줄(_) 메모"
"96bf54b4-b597-44b1-93d0-d667da5726be","123","소상공인시장진흥공단","시작 전","","2026-06-02","기업목록에 없음/표기불일치"
"d00ea1a7-9435-463b-973b-6d4eb9ad70d0","234","소상공인시장진흥공단","시작 전","","2026-06-02","기업목록에 없음/표기불일치"
"6ec424f5-d77b-4c25-b854-48f6908fc832","345","소상공인시장진흥공단","시작 전","","2026-06-02","기업목록에 없음/표기불일치"
"cf09b4f1-348b-438b-8498-072a9b7454ff","4/20 뚱이농산","소상공인시장진흥공단","부결","관호","2026-05-13","구분자(- /) 뒤 메모"
"744306a9-2806-4e3c-b3f9-3d03e163664a","4/20 신강 ( 진행전 유선확인→2.20 통화됌 잘받아주신다고함)","소상공인시장진흥공단","보류","관호","2026-05-13","구분자(- /) 뒤 메모"
"9be8a75e-04f3-4f79-bfc7-67b2b44f1bc2","4/20 유일목형 N844( 신용점수 초과로 신청못함 )","소상공인시장진흥공단","부결","관호","2026-05-13","구분자(- /) 뒤 메모"
"6904668c-7a5f-4128-8282-818b39f7f6c9","4/21 cu진부라헬점","소상공인시장진흥공단","시작 전","관호","2026-05-13","구분자(- /) 뒤 메모"
"3f5dbcbd-0603-4d48-9e6a-f915c666f0fc","4/21 응암식당","소상공인시장진흥공단","부결","관호","2026-05-13","구분자(- /) 뒤 메모"
"1e164ae1-6e05-42e0-b70f-0c165e916400","4/21 진수네간장게장( 체납으로 부결되면 )","소상공인시장진흥공단","부결","관호","2026-05-13","구분자(- /) 뒤 메모"
"8f652993-3b98-416b-80f4-e0c5f0a0eb68","4/21 프라이빗","소상공인시장진흥공단","부결","관호","2026-05-13","구분자(- /) 뒤 메모"
"2352301b-a756-43d1-bab6-42bf97de1c0a","4/21 하은운송","소상공인시장진흥공단","시작 전","관호","2026-05-13","구분자(- /) 뒤 메모"
"5df17fa3-3658-44bf-b475-40e8cd1d0c67","4/21지원중기","소상공인시장진흥공단","부결","관호","2026-05-13","구분자(- /) 뒤 메모"
"606311db-3117-4a18-a1b5-f89b917efbfd","cjh687768+","구조혁신&사업전환","시작 전","","2026-05-16","기업목록에 없음/표기불일치"
"18c65540-80b9-4111-93be-b631fa5e2b87","cu수서나산점","신용보증재단","완료","관호","2026-05-13","기업목록에 없음/표기불일치"
"ee954d0a-4e71-4ea9-a237-1c5c79f002e8","cu진부라헬점","신용보증재단","보류","현애","2026-05-14","기업목록에 없음/표기불일치"
"7c139e8e-83c0-41d7-8859-c2320266f6dc","cu진부라헬점","소상공인시장진흥공단","시작 전","관호","2026-05-13","기업목록에 없음/표기불일치"
"664a5972-d8b0-43eb-9afb-24c68d68e104","F2MG글로벌뷰티아카데미","중소벤처기업진흥공단","보류","","2026-05-13","기업목록에 없음/표기불일치"
"a96583ae-eb74-4875-a261-beaf16241a35","F2MG글로벌뷰티아카데미","중소벤처기업진흥공단","보류","","2026-05-13","기업목록에 없음/표기불일치"
"02c8dcc1-7afe-445d-b0d6-d0f747fefcff","GS25뉴소사벌타운점","소상공인시장진흥공단","상담/진단완료","관호","2026-05-14","기업목록에 없음/표기불일치"
"5ebce55d-792e-496d-bc79-faa85c569dba","GS25뉴소사벌타운점","소상공인시장진흥공단","시작 전","","2026-05-18","기업목록에 없음/표기불일치"
"f2e68ce4-faf3-4cd9-96f5-da55d5f4c096","GS25뉴소사벌타운점_서동일","소상공인시장진흥공단","상담/진단완료","관호","2026-05-14","밑줄(_) 메모"
"bcb30b8d-fc87-4195-9ffd-484a04bef8a8","jb특수시스템","소상공인시장진흥공단","완료","","2026-05-18","기업목록에 없음/표기불일치"
"2774f983-c971-4a2b-9a75-c34bd5fadaf7","jb특수시스템","소상공인시장진흥공단","부결","","2026-05-18","기업목록에 없음/표기불일치"
"bff29686-0446-455e-89ff-fc01a76786a3","jb특수시스템(소진공 저신용)","소상공인시장진흥공단","상담/진단완료","관호","2026-05-14","기업목록에 없음/표기불일치"
"c08935fe-84bd-422f-960e-784f3b38c27b","가마치통닭지행점(2.27국세체납없음) / 폐업이력 없음 저신용 25.4 3천","소상공인시장진흥공단","시작 전","관호","2026-05-13","이름에 메모 섞임"
"f0aa6454-cee8-4c93-a4d0-3727d0961f63","가마치통닭지행점/ 폐업이력 없음 저신용 25.4 3천","소상공인시장진흥공단","시작 전","관호","2026-05-13","구분자(- /) 뒤 메모"
"b8ff0744-601d-4f58-a10f-eeb25f25b6e1","감상커뮤니케이션 (부동산 가압류 5월 진행할것 5.6)","소상공인시장진흥공단","시작 전","관호","2026-05-13","이름에 메모 섞임"
"c8826841-5d08-4920-b717-ca61821d4145","거산피앤피(주)","중소벤처기업진흥공단","부결","유진","2026-05-13","법인 표기 차이((주)/주)…)"
"54397888-37d3-48ff-a1d7-da4bfe10f890","거산피앤피(주)","중소벤처기업진흥공단","부결","지혜","2026-05-13","법인 표기 차이((주)/주)…)"
"53224e4e-89e3-443f-9d63-f0757d994129","거산피앤피(주)_요건 넘어서 안됨","소상공인시장진흥공단","시작 전","유진","2026-05-13","밑줄(_) 메모"
"3af2e1b6-504a-438e-b1d7-bbf644cf36cd","경희s한의원","신용보증재단","상담/진단완료","관호","2026-05-14","기업목록에 없음/표기불일치"
"c946eb11-c931-495d-97a5-ab56c0a7ebb7","경희s한의원","신용보증재단","상담/진단완료","관호","2026-05-14","기업목록에 없음/표기불일치"
"8a3bc087-a144-42ae-9e56-5e88a086746c","경희s한의원","신용보증재단","상담/진단완료","관호","2026-05-14","기업목록에 없음/표기불일치"
"51ab7d78-e0d1-45d3-a35b-b88f88df961c","골드스카이 ( 카드연체중 단기연체정보등록됌 )","소상공인시장진흥공단","상담/진단완료","관호","2026-05-14","기업목록에 없음/표기불일치"
"775a3afa-62d8-499f-969d-39cc08d81c37","골드스카이_단기연체 등록 ( 회복 어렵다고함 )","소상공인시장진흥공단","상담/진단완료","관호","2026-05-14","밑줄(_) 메모"
"6f67c49a-9118-47e5-8fc5-ca51159e101c","공감중문  ( 수출 실적 1년 초과 )","소상공인시장진흥공단","상담/진단완료","관호","2026-05-14","기업목록에 없음/표기불일치"
"1199c1aa-5ec7-4d98-8c2f-4f4f71aedb62","공감중문 ( 연체내역 많음 )","소상공인시장진흥공단","상담/진단완료","관호","2026-05-14","기업목록에 없음/표기불일치"
"ebff6faf-265e-4b1d-8057-861b54bd9a05","과천경희S한의원","소상공인시장진흥공단","상담/진단완료","관호","2026-05-14","기업목록에 없음/표기불일치"
"21547df7-17b7-46d1-be9d-8e82dd1ad7bc","과천경희S한의원","소상공인시장진흥공단","자금집행완료","관호","2026-05-14","기업목록에 없음/표기불일치"
"b1fcb1a0-29db-46c6-8d3f-96c5f8b327d0","구도로통닭 부채비율700% 초과","소상공인시장진흥공단","자금집행완료","관호","2026-05-14","기업목록에 없음/표기불일치"
"e39bdc35-5fb8-480a-b941-250fcdf78746","구도로통닭 부채비율700% 초과_비협조","소상공인시장진흥공단","시작 전","관호","2026-05-13","밑줄(_) 메모"
"73dbb849-4f29-4c23-9e0f-da619a99a412","구도로통닭 부채비율700% 초과(3/5국세/지방세 체납없음","소상공인시장진흥공단","시작 전","관호","2026-05-13","구분자(- /) 뒤 메모"
"35f70fea-47da-44f0-8909-0d8c411771cf","구도로통닭(소진공 단기연체존재 )","소상공인시장진흥공단","상담/진단완료","관호","2026-05-14","기업목록에 없음/표기불일치"
"48996f2a-4dbb-4c20-b1a3-1b9b24a6531d","구도로통닭(혁신성장 스마트기기)","소상공인시장진흥공단","상담/진단완료","관호","2026-05-14","기업목록에 없음/표기불일치"
"7b8c6f5a-bd8e-4021-8b21-575033175fe6","그라티아(카누 조달청 조달 및 특허청 디자인등록)","중소벤처기업진흥공단","보류","동일","2026-05-13","기업목록에 없음/표기불일치"
"4c0ef095-ffcc-4e7c-b6cc-4630ec338304","글라스히어로즈(인천점)","소상공인시장진흥공단","부결","유진","2026-05-13","기업목록에 없음/표기불일치"
"23cfab1b-7cca-4e9c-acb1-bd9aaa45f702","글라스히어로즈(인천점)","소상공인시장진흥공단","시작 전","유진","2026-05-13","기업목록에 없음/표기불일치"
"f2e62390-ee99-41f2-b3e9-0cc7fb5dfa2e","글라스히어로즈(주)","구조혁신&사업전환","사업전환 승인","","2026-05-13","법인 표기 차이((주)/주)…)"
"1ee57129-bdc5-468f-999f-3a0da43260b9","글라스히어로즈(주)","구조혁신&사업전환","사업전환 승인","","2026-05-13","법인 표기 차이((주)/주)…)"
"7c1e0c92-c24f-44de-b8c2-85ec71440a37","글라스히어로즈(주)","구조혁신&사업전환","시작 전","","2026-05-16","법인 표기 차이((주)/주)…)"
"f322ae18-6c74-4a6f-a039-18ced662461a","기동정밀 / 폐업이력 없고, 졸업후보, 사회적경제기업 미해당","소상공인시장진흥공단","완료","관호","2026-05-13","구분자(- /) 뒤 메모"
"dfeded50-1745-4d4d-98bd-0e925ab9db5c","까사피에스타 _테이블오더 ( 떨어지면 저신용 )","소상공인시장진흥공단","완료","관호","2026-05-13","밑줄(_) 메모"
"861297ec-721b-4024-9b24-19f1cfd7014f","까사피에스타 / 폐업이력 없음, 일시적경영애로 불가","소상공인시장진흥공단","시작 전","관호","2026-05-13","구분자(- /) 뒤 메모"
"52a89000-fa8a-4113-889c-1825184a446a","넘버원택배(혁신성장)","소상공인시장진흥공단","부결","관호","2026-05-13","기업목록에 없음/표기불일치"
"bf9353ea-d264-4109-8e8a-7de31850267a","다경바이오 /  교육 이수 후 접수 완료","소상공인시장진흥공단","상담/진단완료","","2026-05-14","구분자(- /) 뒤 메모"
"41594d78-a4c1-4486-bb10-a3ece81cf8fb","다경바이오 /  교육 이수 후 접수 완료","소상공인시장진흥공단","상담/진단완료","","2026-05-14","구분자(- /) 뒤 메모"
"d18d6bd5-55e4-4c3f-8b63-d94290c63f60","다경바이오 / 교육 이수 후 접수 완료","소상공인시장진흥공단","시작 전","","2026-05-18","구분자(- /) 뒤 메모"
"92967a04-3875-43de-9f9a-c9c83ef2592b","다경바이오_법인","소상공인시장진흥공단","상담/진단완료","유진","2026-05-14","법인/개인 접미사"
"f071738f-6080-418c-8e3a-fa0efa3198b0","다경바이오_법인","소상공인시장진흥공단","상담/진단완료","유진","2026-05-14","법인/개인 접미사"
"5c4124d7-3096-4e76-b2f8-8741b8b97c3e","다경바이오_법인","소상공인시장진흥공단","상담/진단완료","유진","2026-05-14","법인/개인 접미사"
"ad2d6176-419a-4e0e-aab6-f7e0fab65f00","달성종합중기","신용보증재단","보류","","2026-05-18","기업목록에 없음/표기불일치"
"fc4e1bf0-75e4-4e2c-b915-2c5a7b1a05fa","대령숙수_잠수 ( 지혜비서님이 추가 진행 안내드림 )","소상공인시장진흥공단","시작 전","관호","2026-05-13","이름에 메모 섞임"
"dacf16ec-21ef-43c2-97fe-bc60a7106168","대령숙수(잠수 ( 지혜비서님이 추가 진행 안내드림 ))","소상공인시장진흥공단","시작 전","관호","2026-05-13","이름에 메모 섞임"
"aaf8ba45-158e-4b76-93fa-c6965d040938","대령숙수(잠수)","소상공인시장진흥공단","상담/진단완료","관호","2026-05-14","이름에 메모 섞임"
"8d0187e0-f20e-4a6b-a5be-4c7d9bee4aed","대박관(국세없음,지방세없음)","소상공인시장진흥공단","시작 전","관호","2026-05-13","이름에 메모 섞임"
"a536136f-88af-4f86-b081-16e568d34685","도담조경 ( 체납 (가압류 ) )","소상공인시장진흥공단","자금집행완료","관호","2026-05-14","기업목록에 없음/표기불일치"
"c694167e-46b2-4be3-9374-83aaadc046fb","도원반점수원영통점","소상공인시장진흥공단","시작 전","관호","2026-05-13","기업목록에 없음/표기불일치"
"fe28b84f-639c-47af-8544-842d1e3c30a1","도원반점수원영통점","신용보증재단","자금집행완료","","2026-05-14","기업목록에 없음/표기불일치"
"fc83147e-1120-4c93-ae35-250aa0fe1e98","도원반점수원영통점_2025년 가결산 대기중","소상공인시장진흥공단","시작 전","관호","2026-05-13","밑줄(_) 메모"
"ed2f2b52-f19f-4a79-9b6b-5b3956831a89","동선목장_잠수","소상공인시장진흥공단","시작 전","관호","2026-05-13","밑줄(_) 메모"
"24198a23-f6f7-431a-a3fe-eb475aa448b5","동안주유소","소상공인시장진흥공단","시작 전","관호","2026-05-13","기업목록에 없음/표기불일치"
"17edfce2-c93d-4132-8af5-587cbb757ff4","동진건설","소상공인시장진흥공단","시작 전","관호","2026-05-13","기업목록에 없음/표기불일치"
"e0f17b7f-6a06-43b3-a0d9-7d369526c703","등짝_김양호","소상공인시장진흥공단","상담/진단완료","유진","2026-05-14","밑줄(_) 메모"
"b3b065d2-fa70-475c-9f7e-d1c2dcd7d495","딜리온픽","신용보증재단","상담/진단완료","","2026-05-14","기업목록에 없음/표기불일치"
"253ac060-d099-415f-a486-a2faa7cef602","딜리온픽","신용보증기금","기관신청대기/방문예정","","2026-05-14","기업목록에 없음/표기불일치"
"aaf827d0-9a61-4e44-9bf1-9df42802e956","딜리온픽","신용보증기금","기관신청대기/방문예정","","2026-05-14","기업목록에 없음/표기불일치"
"2de59b0e-d65a-485d-8775-fddb84a64f06","딜리온픽","신용보증기금","기관신청대기/방문예정","","2026-05-14","기업목록에 없음/표기불일치"
"c253bb07-e8f4-442d-ade8-d658c638d130","딜리온픽","신용보증재단","상담/진단완료","","2026-05-14","기업목록에 없음/표기불일치"
"4728a22e-75fd-41ea-891a-abc351de4517","딜리온픽","신용보증재단","상담/진단완료","","2026-05-14","기업목록에 없음/표기불일치"
"07b3f6d8-7027-4913-91e0-890496f82eca","딜리온픽배달대행(혁신성장 스마트기술)","소상공인시장진흥공단","시작 전","관호","2026-05-13","기업목록에 없음/표기불일치"
"fd554a61-c3c3-48de-a0e8-d31b18eb2216","딜리온픽배달대행(혁신성장 스마트기술)","소상공인시장진흥공단","자금집행완료","관호","2026-05-14","기업목록에 없음/표기불일치"
"72dc4da0-487f-409b-9623-3171ec335ec9","로컬 ( 폐업관련 자료 홈택스 신청1.14 11시04분 )","소상공인시장진흥공단","상담/진단완료","관호","2026-05-14","기업목록에 없음/표기불일치"
"ce3f9247-632d-4b96-a4b9-a26de6ab8416","리리즈(소진공 연체없음 )","소상공인시장진흥공단","상담/진단완료","관호","2026-05-14","이름에 메모 섞임"
"e78d2b44-2628-4244-9674-a862f8c228d3","리리즈(재도전 특별자금)","소상공인시장진흥공단","상담/진단완료","관호","2026-05-14","이름에 메모 섞임"
"e21c2b6f-5dd6-45db-8fcb-d424bf864fc7","리썸제이","중소벤처기업진흥공단","중단","","2026-05-13","기업목록에 없음/표기불일치"
"9e4004fe-efcd-4566-87f0-e27b6a570dde","리썸제이","중소벤처기업진흥공단","중단","","2026-05-13","기업목록에 없음/표기불일치"
"4a3208c3-f42c-49d2-b7fa-1ab50fb0e322","리즈코스( 5월말 뷰티론 신청 )","중소벤처기업진흥공단","시작 전","","2026-05-13","기업목록에 없음/표기불일치"
"650583d4-03f5-4875-b341-ce320f386ca6","막퍼줘 회찜","소상공인시장진흥공단","시작 전","관호","2026-05-13","기업목록에 없음/표기불일치"
"48dac79c-81de-49ff-b726-2a81e7f6726a","막퍼줘 회찜","소상공인시장진흥공단","시작 전","관호","2026-05-13","기업목록에 없음/표기불일치"
"c8577bf7-b352-4283-8610-a206da162923","막퍼줘 회찜","소상공인시장진흥공단","부결","","2026-05-18","기업목록에 없음/표기불일치"
"a1d80dde-2088-4ceb-b485-49f88a8c0dc1","막퍼줘 회찜","소상공인시장진흥공단","시작 전","","2026-05-18","기업목록에 없음/표기불일치"
"540a0af9-4b3e-46bb-b5aa-f2dcaf0cee30","막퍼줘 회찜 ( 준푸드 대표님 개인 사업자 )","소상공인시장진흥공단","자금집행완료","관호","2026-05-14","이름에 메모 섞임"
"3a9e890f-fbd1-4a6c-bbc3-59fc6ab5c099","막퍼줘 회찜 ( 준푸드 대표님 개인 사업자 )","소상공인시장진흥공단","자금집행완료","관호","2026-05-14","이름에 메모 섞임"
"3817d6d9-ce6d-4b70-807b-59a5932d8590","막퍼줘 회찜 ( 준푸드 대표님 개인 사업자 )","소상공인시장진흥공단","상담/진단완료","관호","2026-05-14","이름에 메모 섞임"
"c64ea915-074c-4eac-9988-71120afa260f","맥스틸우드(3/6지방세체납없음)","소상공인시장진흥공단","시작 전","관호","2026-05-13","이름에 메모 섞임"
"6a19c3b3-e93c-4e18-9ed0-668eeb9e05d6","맥스틸우드(포스기 계약후 계약서 징구 / 비즈모아)","소상공인시장진흥공단","부결","관호","2026-05-13","구분자(- /) 뒤 메모"
"eff338e5-b175-4597-aa06-3b38fcaae5f4","명성태권도(2/27지방세/국세체납없음)/ 재도전 업력초과","소상공인시장진흥공단","시작 전","관호","2026-05-13","이름에 메모 섞임"
"7b80d620-a309-4d23-876e-cf0b083fc7f2","명성태권도(혁신성장 스마트기기)","소상공인시장진흥공단","상담/진단완료","관호","2026-05-14","기업목록에 없음/표기불일치"
"eb960d05-de03-4ce1-a4d6-c9e54fbba6ac","명인설렁탕송도센트럴지점","소상공인시장진흥공단","시작 전","관호","2026-05-13","기업목록에 없음/표기불일치"
"00020a53-90ec-4bd4-a65c-a2455aff15b4","명인설렁탕송도센트럴지점/환불 예정","소상공인시장진흥공단","시작 전","관호","2026-05-13","구분자(- /) 뒤 메모"
"39b21bdc-9909-4028-b1e0-e919ceff8ab7","물고기블루스(체납)","소상공인시장진흥공단","자금집행완료","관호","2026-05-14","기업목록에 없음/표기불일치"
"371ae8a5-af06-4e93-b4ea-6237bfe45282","미니 부띠끄","소상공인시장진흥공단","부결","","2026-05-18","기업목록에 없음/표기불일치"
"5d50871d-cd2b-4f95-a2e1-76ca73bc1de3","미니 부띠끄 ( 12월31일 기준 수출실적없음","소상공인시장진흥공단","상담/진단완료","","2026-05-14","기업목록에 없음/표기불일치"
"093e636a-2d52-4d69-9dd2-2249f1cdc541","미니 부띠끄 ( 우선 필증으로, 증명원은 2월 15일 이후 )","소상공인시장진흥공단","상담/진단완료","관호","2026-05-14","이름에 메모 섞임"
"8370315e-d1dc-4080-bd4a-cdff34681346","미드나잇","기타","시작 전","","2026-06-15","기업목록에 없음/표기불일치"
"ee47c5d0-14b3-4c2c-9a88-e775bcfade2c","미진축산(소진공 연체없음 )","소상공인시장진흥공단","상담/진단완료","관호","2026-05-14","이름에 메모 섞임"
"ca44a0f6-c9a5-47a4-bc88-81e2b331125b","미진축산(혁신성장 스마트기기)","소상공인시장진흥공단","시작 전","관호","2026-05-13","기업목록에 없음/표기불일치"
"8ebaebe2-501a-4f3b-b2d5-05b0e5e2e3b3","미진축산(혁신성장 스마트기기)","소상공인시장진흥공단","상담/진단완료","관호","2026-05-14","기업목록에 없음/표기불일치"
"d0779f43-671d-4b72-9dbc-a028e3429a0f","미진축산(혁신성장 스마트기기)(월세2천1백 체납)","소상공인시장진흥공단","시작 전","관호","2026-05-13","기업목록에 없음/표기불일치"
"c8ddf882-c586-45c4-bf80-2485ad6478a0","백발명가 법인 카페","소상공인시장진흥공단","시작 전","유진","2026-05-13","기업목록에 없음/표기불일치"
"5c774f16-6ac0-4ed5-97d8-0b307f708706","보그헤어","소상공인시장진흥공단","자금집행완료","유진","2026-05-14","기업목록에 없음/표기불일치"
"6e3997e6-79ec-43a4-bd30-a192d9cbbdc7","보그헤어","신용보증재단","기관신청대기/방문예정","","2026-05-14","기업목록에 없음/표기불일치"
"040647a1-5d51-490a-8308-910b3e2ebd82","보그헤어","신용보증재단","기관신청대기/방문예정","","2026-05-14","기업목록에 없음/표기불일치"
"8320b395-d88b-45dc-83e8-3f9eb0668b76","보그헤어","신용보증재단","기관신청대기/방문예정","","2026-05-14","기업목록에 없음/표기불일치"
"0de5f3c0-61f9-4ea9-9110-12dcbe40ec65","보그헤어","신용보증재단","상담/진단완료","관호","2026-05-14","기업목록에 없음/표기불일치"
"dde8156f-6662-44ad-bc97-a5e939983381","보그헤어","소상공인시장진흥공단","자금집행완료","유진","2026-05-14","기업목록에 없음/표기불일치"
"abdf92ed-150d-42eb-9787-77a7a753c4ca","보그헤어","신용보증재단","상담/진단완료","관호","2026-05-14","기업목록에 없음/표기불일치"
"941b6edc-7b85-44da-8984-79a7c052d504","보그헤어","신용보증재단","상담/진단완료","관호","2026-05-14","기업목록에 없음/표기불일치"
"287be72f-e739-4964-a313-6e3e966297ab","보성무역","중소벤처기업진흥공단","부결","인선","2026-05-13","기업목록에 없음/표기불일치"
"0f09611d-6eb8-4162-9592-9b9215b271b3","보성무역","신용보증기금","온라인 신청 후 대기","유진","2026-05-13","기업목록에 없음/표기불일치"
"d13fd944-1c8f-4d2a-b4bb-a76514955620","보성무역","중소벤처기업진흥공단","부결","관호","2026-05-13","기업목록에 없음/표기불일치"
"71f3b1d5-c393-4cd9-9d08-e94b03062518","보성무역(민용기컨설턴트)","구조혁신&사업전환","시작 전","","2026-05-16","기업목록에 없음/표기불일치"
"89aa1bed-1774-401a-b1af-a79a1fc488b5","부에노63","소상공인시장진흥공단","상담/진단완료","관호","2026-05-14","기업목록에 없음/표기불일치"
"749af7d3-98fd-41d4-bc92-f4ffd31bd4ae","블루마린(주)","소상공인시장진흥공단","상담/진단완료","유진","2026-05-14","법인 표기 차이((주)/주)…)"
"d2831fa4-ab5f-4a4d-9200-2bba718989b8","블루마린(주)","소상공인시장진흥공단","상담/진단완료","유진","2026-05-14","법인 표기 차이((주)/주)…)"
"a9e25d6b-080e-42a2-98f1-34d466bab722","비티버거앤타코(희성디자인)","소상공인시장진흥공단","상담/진단완료","관호","2026-05-14","기업목록에 없음/표기불일치"
"7c1fef4b-4be5-45b6-9e0e-732c6e343567","비티버거앤타코(희성디자인)법인 전환으로 다음에","소상공인시장진흥공단","시작 전","관호","2026-05-13","이름에 메모 섞임"
"9613df2f-8273-4b17-bfaa-c491e32e35cf","비티버거앤타코(희성디자인)법인 전환으로 다음에","소상공인시장진흥공단","시작 전","관호","2026-05-13","이름에 메모 섞임"
"a6f58aec-4cbc-4423-a504-a2360378cd76","비티버거앤타코(희성디자인)법인 전환으로 다음에","소상공인시장진흥공단","상담/진단완료","관호","2026-05-14","이름에 메모 섞임"
"d7c28bb7-2a99-467c-9b79-55464cc9ff23","샤인디앤피","소상공인시장진흥공단","부결","","2026-05-18","기업목록에 없음/표기불일치"
"fa06734c-8bf0-4881-a87c-c56eaf586c34","샤인디앤피 (장애인기업확인서 있음)","소상공인시장진흥공단","자금집행완료","관호","2026-05-14","이름에 메모 섞임"
"eb6d2fc4-420a-4960-900f-268faffd32e5","성원상사","신용보증재단","기관신청대기/방문예정","","2026-05-14","기업목록에 없음/표기불일치"
"8d0b0d0c-34dc-48e0-8baa-fc9a4c1b0dd3","성원상사","신용보증재단","기관신청대기/방문예정","","2026-05-14","기업목록에 없음/표기불일치"
"56262cbb-048a-4b99-b4a5-dfb4044e0891","성원상사","소상공인시장진흥공단","상담/진단완료","관호","2026-05-14","기업목록에 없음/표기불일치"
"349b76a6-c253-434e-901b-e142d8e63fc6","성원상사","신용보증재단","기관신청대기/방문예정","","2026-05-14","기업목록에 없음/표기불일치"
"b90ad230-11df-4af6-8e96-27a0af5a874b","성원상사 ( 3월3일 신청, 3월19일 상환일/  4월 신청가능 )","소상공인시장진흥공단","시작 전","관호","2026-05-13","구분자(- /) 뒤 메모"
"526532bb-fef3-4cff-83e2-d1ab340f6c86","성원상사_환불","신용보증기금","시작 전","동일","2026-05-17","밑줄(_) 메모"
"bec1260d-5761-44df-9237-60b3f90c49ec","성원상사_환불→진행의사 확인중","소상공인시장진흥공단","시작 전","관호","2026-05-13","밑줄(_) 메모"
"d9b3f6be-fa1e-4212-bbe8-435472b0cb07","세븐일레븐","소상공인시장진흥공단","부결","","2026-05-18","기업목록에 없음/표기불일치"
"686ed0a5-e415-4398-ad5d-0ca7c0a4c5d6","세븐일레븐","소상공인시장진흥공단","시작 전","","2026-05-18","기업목록에 없음/표기불일치"
"258ae07a-bfe6-4b97-a0ba-fee6030ca1f3","세인트복싱 수지점","소상공인시장진흥공단","완료","관호","2026-05-13","기업목록에 없음/표기불일치"
"4a7dbb33-487c-4607-8f0d-f5c4779ecd27","세인트복싱_얼굴인식시스템","소상공인시장진흥공단","시작 전","현애","2026-06-30","밑줄(_) 메모"
"55661547-29a3-41d0-93e9-fe178da9d144","세인트복싱_얼굴인식시스템","소상공인시장진흥공단","부결","현애","2026-05-13","밑줄(_) 메모"
"13428f6f-3417-4f43-9b78-8791f42f3934","세인트복싱(혁신성장, 스마트기기)(체납)","소상공인시장진흥공단","자금집행완료","관호","2026-05-14","기업목록에 없음/표기불일치"
"0b434dc2-2f15-47d0-9089-423631674d00","세인트복싱매출신장 보류 스마트기기 2/2 재도전","소상공인시장진흥공단","상담/진단완료","관호","2026-05-14","구분자(- /) 뒤 메모"
"f113b7e9-ec10-4ade-a014-8ae33c27fbe1","솜씨협동조합","구조혁신&사업전환","시작 전","","2026-05-16","법인 표기 차이((주)/주)…)"
"397462ec-b230-44c5-bfa2-df64ef827d56","솜씨협동조합","소상공인시장진흥공단","부결","","2026-05-18","법인 표기 차이((주)/주)…)"
"448f9faa-093e-4568-8bae-8f6813ac0cf3","솜씨협동조합","소상공인시장진흥공단","부결","","2026-05-18","법인 표기 차이((주)/주)…)"
"8c9ae55d-8c09-452f-9216-d4e95e4a68cb","솜씨협동조합","신용보증재단","온라인 신청 후 대기","미현","2026-05-13","법인 표기 차이((주)/주)…)"
"6f160ccb-f4b5-4c23-96f7-7010095ed1f8","솜씨협동조합 ( 대기, 대표자와 근로자 수 소통중 )","소상공인시장진흥공단","시작 전","유진","2026-05-13","이름에 메모 섞임"
"05abf7b1-83e3-47e7-9d2e-f92e13ef5b64","솜씨협동조합_공고링크 받아야함","중소벤처기업진흥공단","부결","미현","2026-05-13","밑줄(_) 메모"
"597607b3-cdd9-47cd-850c-9693a752ea6d","솜씨협동조합_법인","소상공인시장진흥공단","자금집행완료","유진","2026-05-14","법인/개인 접미사"
"a45bd76f-898b-4af4-8716-f01879c0de8c","솜씨협동조합_법인","소상공인시장진흥공단","자금집행완료","관호","2026-05-14","법인/개인 접미사"
"32184105-c529-4f10-afdb-42fd6cb73a83","솜씨협동조합_법인","소상공인시장진흥공단","자금집행완료","관호","2026-05-14","법인/개인 접미사"
"5e617b90-632c-44cd-abcc-f764cf9be2cb","솜씨협동조합_인증 부분만 유선","중소벤처기업진흥공단","부결","정원","2026-05-13","밑줄(_) 메모"
"62dc9ae3-be39-4465-9bda-175eb8cd45a8","수목원파크 ( 지들이 하겠다고 통보 )","소상공인시장진흥공단","상담/진단완료","관호","2026-05-14","기업목록에 없음/표기불일치"
"00b41d27-c8d8-4f44-9866-60f90f9e0d68","스마일 베이글 ( 법인 사업자 )","중소벤처기업진흥공단","시작 전","","2026-05-13","기업목록에 없음/표기불일치"
"b15ac636-f904-4e69-90fc-65bf2b824010","스마일 베이글 ( 법인 사업자 )","중소벤처기업진흥공단","시작 전","","2026-05-13","기업목록에 없음/표기불일치"
"d9373313-fff9-4e06-9410-aceffa9c257b","스마일 베이글 ( 법인 사업자 ) 5월","중소벤처기업진흥공단","보류","","2026-05-13","기업목록에 없음/표기불일치"
"e1318dec-6aae-4e61-9cf2-d825779fa73c","스마일 베이글 ( 신규 이력없음 )","소상공인시장진흥공단","상담/진단완료","관호","2026-05-14","이름에 메모 섞임"
"c96afd28-c762-4c84-bd58-856e550b7e03","스마일 베이글(혁신성장 스마트기기)","소상공인시장진흥공단","시작 전","관호","2026-05-13","기업목록에 없음/표기불일치"
"4c86f5c5-1d41-4850-bd5d-d44651af2e06","스마일 베이글(혁신성장 스마트기기)","소상공인시장진흥공단","상담/진단완료","관호","2026-05-14","기업목록에 없음/표기불일치"
"810306d4-311b-4d3c-9f3d-d82d54fa4864","스마일베이글 ( 법인설립후 )","중소벤처기업진흥공단","마감 진행 불가","","2026-05-13","기업목록에 없음/표기불일치"
"2d6dfe9e-de0c-40d7-bcbc-4c7d9b90a8c9","스마일베이글 ( 법인설립후 )","중소벤처기업진흥공단","마감 진행 불가","","2026-05-13","기업목록에 없음/표기불일치"
"bd9971cf-7593-419d-9814-1b0105c1fae4","스투디오오도씨","소상공인시장진흥공단","상담/진단완료","관호","2026-05-14","기업목록에 없음/표기불일치"
"71527539-49e7-42bb-afec-0bac91b1e6c9","스투디오오도씨 ( 채무조정 29이상 불가 )","소상공인시장진흥공단","시작 전","관호","2026-05-13","이름에 메모 섞임"
"cb4acfa8-63ba-4172-a2bb-c0d65682667d","스투디오오도씨_토스 프론트( 미니 키오스크로 활용가능 )","소상공인시장진흥공단","시작 전","관호","2026-05-13","밑줄(_) 메모"
"d7fb6b47-deb9-429c-9add-485b0702dbbc","스투디오오도씨(혁신성장 스마트기기)","소상공인시장진흥공단","상담/진단완료","관호","2026-05-14","기업목록에 없음/표기불일치"
"43c65289-a591-458c-9051-c1754e9aca9c","신강( 전체자료 미회신 )","소상공인시장진흥공단","상담/진단완료","관호","2026-05-14","기업목록에 없음/표기불일치"
"a304558c-d6ab-4bf4-ab9a-8ce514a8beea","신강(잠수)","소상공인시장진흥공단","상담/진단완료","관호","2026-05-14","기업목록에 없음/표기불일치"
"321489b1-e407-40c4-8992-a69acab6c079","신산축산","신용보증재단","부결","유진","2026-05-13","기업목록에 없음/표기불일치"
"eba71029-a35c-45ea-9be0-99214372cb6f","신산축산","소상공인시장진흥공단","상담/진단완료","유진","2026-05-14","기업목록에 없음/표기불일치"
"342d6cd9-290a-4457-a1b6-e7bbd1e7b4b0","신산축산","소상공인시장진흥공단","상담/진단완료","유진","2026-05-14","기업목록에 없음/표기불일치"
"1dae0868-d5fe-450f-bcf0-6e0997a7c033","신산축산 ( 개인사업자 )","소상공인시장진흥공단","반려","유진","2026-05-13","기업목록에 없음/표기불일치"
"30a9aa10-bfed-4f9a-93ae-795ac3b9549c","신산축산유통","구조혁신&사업전환","시작 전","","2026-05-16","기업목록에 없음/표기불일치"
"2cc3a60e-a58a-48f1-87f6-1e0d5dc698e2","신산축산유통 ","구조혁신&사업전환","컨설팅 진행중","유진","2026-05-29","기업목록에 없음/표기불일치"
"f1e03e63-8774-4036-a459-cbbb4f21f676","신안","신용보증재단","승인","관호","2026-05-18","기업목록에 없음/표기불일치"
"eb4916ba-4d98-45a8-b6c4-0884b10fdf9e","신재연","중소벤처기업진흥공단","보류","","2026-05-18","기업목록에 없음/표기불일치"
"04a448af-8bd0-4db7-bb5f-6603d2c2b4e9","썸업팜","소상공인시장진흥공단","시작 전","유진","2026-05-13","기업목록에 없음/표기불일치"
"57083982-3a32-479d-8da4-6cedbf628f54","씨에이치-디","소상공인시장진흥공단","보류","관호","2026-05-16","구분자(- /) 뒤 메모"
"446ef46d-d890-4157-bb7e-22602a327ad9","씨에이치-디","소상공인시장진흥공단","시작 전","관호","2026-06-22","구분자(- /) 뒤 메모"
"94326bcf-c105-40ab-91f4-6ae15c81500d","씨에이치-디","소상공인시장진흥공단","시작 전","관호","2026-05-16","구분자(- /) 뒤 메모"
"8c9fd85e-f190-4bbb-8c8c-087174ec137c","씨유 수서나선점","신용보증재단","자금집행완료","관호","2026-05-14","기업목록에 없음/표기불일치"
"7318ba13-717c-431f-bc95-f178b1fc9d31","씨유 수서나선점","신용보증재단","부결","관호","2026-05-14","기업목록에 없음/표기불일치"
"0d1ec1e8-9473-4cfd-b29f-4a6e8f236bf0","아이디어스푼 /","소상공인시장진흥공단","부결","관호","2026-05-13","기업목록에 없음/표기불일치"
"d7fa731e-eefa-4723-96b7-aeda0f90fe8d","안다미로","소상공인시장진흥공단","완료","","2026-05-18","기업목록에 없음/표기불일치"
"08982782-8c66-4768-8cb8-54b4e4c23f2c","앨엔피클린","소상공인시장진흥공단","시작 전","관호","2026-05-13","기업목록에 없음/표기불일치"
"d641b1c3-abf1-42d3-9196-e75f5a3fd9f0","양돼산맥","소상공인시장진흥공단","부결","","2026-05-18","기업목록에 없음/표기불일치"
"58813af2-ec2f-45e9-ab72-240989f574a7","양돼산맥(현금서비스 과다로 거절)","소상공인시장진흥공단","자금집행완료","관호","2026-05-14","이름에 메모 섞임"
"183f1f76-7bad-42c2-b983-c99cd394063d","양돼산맥(현금서비스 과다로 거절)","소상공인시장진흥공단","자금집행완료","관호","2026-05-14","이름에 메모 섞임"
"d30bd74c-9fb6-4406-b457-66f9bac82a2f","어나더유스_잠수","소상공인시장진흥공단","시작 전","관호","2026-05-13","밑줄(_) 메모"
"df450a8f-ce13-4338-aa9c-15d491e3772b","어나더유스( 소진공 연체없음 )","소상공인시장진흥공단","상담/진단완료","관호","2026-05-14","이름에 메모 섞임"
"3451e43e-2f50-40aa-9bbb-83ff3c9d1fba","어나더유스(2/27지방세/국세 체납없음
)","소상공인시장진흥공단","시작 전","관호","2026-05-16","구분자(- /) 뒤 메모"
"2d862d9b-2a6d-4a56-ba81-c640c20e7d0e","어나더유스(2/27지방세/국세 체납없음 )","소상공인시장진흥공단","시작 전","관호","2026-05-13","이름에 메모 섞임"
"1136d8b1-48f1-4191-befd-69b18a4c8307","어나더유스(혁신성장 수출실적)","소상공인시장진흥공단","상담/진단완료","관호","2026-05-14","기업목록에 없음/표기불일치"
"541bc788-2f86-4297-94f7-f045a073ad12","어반트랜드(온라인예약관리, 매장멤버십관리시스템)","소상공인시장진흥공단","부결","관호","2026-05-13","기업목록에 없음/표기불일치"
"bf1bf850-069a-497b-8b8f-ad75e280a308","어장관리(국세 없음","소상공인시장진흥공단","시작 전","관호","2026-05-13","기업목록에 없음/표기불일치"
"b4df9b2e-a513-47de-a354-a7f7d8ecab2b","에스에프헤어 _스마트모델 기술보급 ( 스마트미러, 키오스크 )","소상공인시장진흥공단","완료","관호","2026-05-13","밑줄(_) 메모"
"67e15121-d232-4657-9fbf-6680a932c06e","에스에프헤어 (재도전 임대사업자 및 업력때문에 안됌)","소상공인시장진흥공단","시작 전","관호","2026-05-13","이름에 메모 섞임"
"bea0cf9e-dc71-4faa-b2a2-87d11a49380d","에스에프헤어(혁신성장 스마트기기)","소상공인시장진흥공단","상담/진단완료","관호","2026-05-14","기업목록에 없음/표기불일치"
"682a7cce-7772-43e6-87ba-7a8e57deb173","에이치제이에프1(주)","구조혁신&사업전환","시작 전","","2026-05-16","법인 표기 차이((주)/주)…)"
"bca137bf-07e0-4ce5-9434-adac348256c8","엑스비씨 유한회사","소상공인시장진흥공단","부결","","2026-05-18","법인 표기 차이((주)/주)…)"
"e648bcd6-3be7-49e7-a9c0-be883ae54efa","엑스비씨 유한회사","소상공인시장진흥공단","부결","","2026-05-18","법인 표기 차이((주)/주)…)"
"d1806ade-ec31-4371-8ac6-8d6c66c71419","엘싸인","신용보증재단","상담/진단완료","","2026-05-14","기업목록에 없음/표기불일치"
"d5731dcb-ce66-48b2-a472-60adaf2ba204","엘싸인","신용보증재단","상담/진단완료","","2026-05-14","기업목록에 없음/표기불일치"
"c5ac3d47-9fa4-4834-8ecc-f0ee43396a5b","엘싸인","신용보증재단","상담/진단완료","","2026-05-14","기업목록에 없음/표기불일치"
"615d3ee6-6dbb-4e0f-b745-3479aa8fe151","엘에스에너지 ( 사업자명 변경되어 사업자등록증 회신받으면 변경 필요 )","소상공인시장진흥공단","상담/진단완료","관호","2026-05-14","기업목록에 없음/표기불일치"
"07a4a379-54da-4068-ac97-22f78c43dfa7","엘포테크_추가 기대출은 부담된다고 하여 중단","소상공인시장진흥공단","시작 전","관호","2026-05-13","밑줄(_) 메모"
"b9f0ab5f-bb6d-452f-9df3-b38bd87a26c3","엘포테크/ 재도전 도약, 혁신 졸업후보 안됌","소상공인시장진흥공단","시작 전","관호","2026-05-13","구분자(- /) 뒤 메모"
"0f15f2d3-0fc3-41d5-90e7-7b7d1e582d90","엠앤디코리아","소상공인시장진흥공단","상담/진단완료","관호","2026-05-14","기업목록에 없음/표기불일치"
"f9b1369e-612e-4bcb-8d52-31b82e2d4579","엠앤디코리아(잠수)","소상공인시장진흥공단","시작 전","관호","2026-05-13","이름에 메모 섞임"
"9faa531a-8c8d-4aff-9178-f2553a90f11f","엠앤디코리아(잠수)","소상공인시장진흥공단","시작 전","관호","2026-05-13","이름에 메모 섞임"
"6476c4ec-e917-490f-8175-8887753116f9","엠앤디코리아(잠수)","소상공인시장진흥공단","상담/진단완료","관호","2026-05-14","이름에 메모 섞임"
"8f1a58de-19f1-41ce-b73d-3c524ec35e72","영진물류(대환대출 진행)","소상공인시장진흥공단","상담/진단완료","관호","2026-05-14","이름에 메모 섞임"
"58283433-141a-4c4d-b55a-4c1b7e161a49","영진물류(대환대출 진행)","소상공인시장진흥공단","상담/진단완료","관호","2026-05-14","이름에 메모 섞임"
"f2af491a-7bb2-44a8-9288-94d31b06db77","오이구컴퍼니 ( 신규 이력없음 )","소상공인시장진흥공단","상담/진단완료","관호","2026-05-14","이름에 메모 섞임"
"9abd5fd6-2966-4e5a-831d-dc129aab11f8","오이구컴퍼니 ( 정책자금보다 정부지원금 요구ㅠ )","소상공인시장진흥공단","상담/진단완료","관호","2026-05-14","기업목록에 없음/표기불일치"
"399ad0b7-eb28-4508-b260-e6f26b0a4e9f","오이구컴퍼니(3/5국세체납없음,과태료3건 체납, 1건 미납)","소상공인시장진흥공단","시작 전","관호","2026-05-13","이름에 메모 섞임"
"ef69b908-6928-4211-84ab-7d2432ee07a8","오이구컴퍼니\","소상공인시장진흥공단","시작 전","관호","2026-05-13","기업목록에 없음/표기불일치"
"321b2e88-982b-499b-ae09-4fd5aee91ffa","오케이포케 ( 신규 이력없음 )","소상공인시장진흥공단","상담/진단완료","관호","2026-05-14","이름에 메모 섞임"
"1af3b580-4e67-4973-93ff-3dd7ff3e7c16","오케이포케(혁신성장 스마트기기)(체납)","소상공인시장진흥공단","자금집행완료","관호","2026-05-14","기업목록에 없음/표기불일치"
"26e301af-3924-407a-b3d6-95e7e80c701e","오투에코","소상공인시장진흥공단","부결","","2026-05-18","기업목록에 없음/표기불일치"
"fe58f2cf-198a-4dd7-8dc1-09bd0c1b3b59","오투에코(임영군)","소상공인시장진흥공단","자금집행완료","관호","2026-05-14","기업목록에 없음/표기불일치"
"bd64f206-aba6-4dce-a4e2-9e8fb9166499","오투에코(임영군) 공고 나오면 요청예정","소상공인시장진흥공단","상담/진단완료","관호","2026-05-14","이름에 메모 섞임"
"9776bd51-8b77-44c2-a1b3-e692e98ad52d","옥림","소상공인시장진흥공단","부결","","2026-05-18","기업목록에 없음/표기불일치"
"8f18cc7a-60e3-4ad6-8612-bfcf1da6062a","옥림( 26.1직전 월 부터3일이내 단기연체 존재 )","소상공인시장진흥공단","자금집행완료","관호","2026-05-14","기업목록에 없음/표기불일치"
"8613a685-8b45-4c21-a7e3-59ef5cca80d4","요가람","소상공인시장진흥공단","시작 전","관호","2026-05-13","기업목록에 없음/표기불일치"
"beca0650-15b8-4904-b397-ed9fc76f3dcd","요가람 잠수","소상공인시장진흥공단","상담/진단완료","관호","2026-05-14","기업목록에 없음/표기불일치"
"b2149f0b-698f-4b8f-8c22-cab779c9eff0","요가람(인증서만료8월18일)(잠수)","소상공인시장진흥공단","상담/진단완료","관호","2026-05-14","이름에 메모 섞임"
"14cd6fc7-c940-4dfe-bbad-ff4859824d0f","우디베이크샵","소상공인시장진흥공단","상담/진단완료","관호","2026-05-14","기업목록에 없음/표기불일치"
"6633d5c9-7825-413d-b4dd-84cbf7f92452","우디베이크샵","소상공인시장진흥공단","상담/진단완료","관호","2026-05-14","기업목록에 없음/표기불일치"
"450f5233-d4bb-452d-b578-7f6d8e159a3d","웰딧","기술보증기금","보류","","2026-05-18","기업목록에 없음/표기불일치"
"b558c8f7-44f0-401b-a763-8e2c3b03d5d3","웰딧","신용보증기금","상담/진단완료","","2026-05-14","기업목록에 없음/표기불일치"
"edf6bfe0-936a-4834-98ff-68709f4bf90f","웰딧","신용보증기금","상담/진단완료","","2026-05-14","기업목록에 없음/표기불일치"
"6183f034-701b-438e-8c5f-0deb9b3e9a06","웰딧","신용보증기금","상담/진단완료","","2026-05-14","기업목록에 없음/표기불일치"
"7038bbdf-c355-4914-b299-7214a511d436","위드컴퍼니(주)","소상공인시장진흥공단","시작 전","유진","2026-05-13","법인 표기 차이((주)/주)…)"
"93f9c0cc-248a-4849-a5a4-516c3c9c38a7","유성기계_사이드보기 별첨","소상공인시장진흥공단","시작 전","관호","2026-05-13","밑줄(_) 메모"
"036baa8d-809f-4587-8df0-3bec50340abc","유일목형 ( 수출로 이후 안되면 저신용 )","소상공인시장진흥공단","상담/진단완료","관호","2026-05-14","이름에 메모 섞임"
"f3f0d70c-7302-4884-9988-4d6caa51dd03","유일목형 ( 수출로 이후 안되면 저신용 )","소상공인시장진흥공단","상담/진단완료","관호","2026-05-14","이름에 메모 섞임"
"ae2bc9ee-e39b-4fa2-8874-31e6de36870d","유일목형 N844(수출로 안되면 저신용)(3/5국세/지방세체납없음)","소상공인시장진흥공단","시작 전","관호","2026-05-13","이름에 메모 섞임"
"63aab4a2-a3f3-49d2-8e52-0ffdcba7f66d","유일목형(시설자금 )","중소벤처기업진흥공단","보류","","2026-05-13","기업목록에 없음/표기불일치"
"f0a05e41-b174-4423-935d-b498c9716f9f","유일목형(시설자금 )","중소벤처기업진흥공단","보류","","2026-05-13","기업목록에 없음/표기불일치"
"92c8948b-d7f8-4909-8950-539e129a143c","응암식당(3/5국세체납없음,지방세미납-신청후안내할예정)","소상공인시장진흥공단","시작 전","관호","2026-05-13","이름에 메모 섞임"
"8155e3b1-4f62-46c4-b8d4-3eae4625a5d5","의왕베이스볼아카데미(체납)","소상공인시장진흥공단","시작 전","관호","2026-05-13","기업목록에 없음/표기불일치"
"21414212-5fa6-4eb8-9a78-67eb96432765","의왕베이스볼아카데미(체납)","소상공인시장진흥공단","자금집행완료","관호","2026-05-14","기업목록에 없음/표기불일치"
"2f7e6ce9-f64f-4f33-a9c2-a8dda4c58c2d","의왕베이스볼아카데미(체납)_비협조","소상공인시장진흥공단","시작 전","관호","2026-05-13","밑줄(_) 메모"
"e56c752f-7feb-4dc6-9d08-2c5666b8c3d7","이산더큐브주식회사","소상공인시장진흥공단","자금집행완료","유진","2026-05-14","법인 표기 차이((주)/주)…)"
"87dd49b3-116e-4468-b431-b20ad9c316d5","이산더큐브주식회사","소상공인시장진흥공단","자금집행완료","유진","2026-05-14","법인 표기 차이((주)/주)…)"
"3a97f6c3-13ae-4bb9-8ba5-3c8a8c13fb75","이산더큐브주식회사","소상공인시장진흥공단","상담/진단완료","유진","2026-05-14","법인 표기 차이((주)/주)…)"
"e41f45df-f516-4a44-862a-92e75efd1cdf","이안서가중고등","중소벤처기업진흥공단","부결","","2026-05-18","기업목록에 없음/표기불일치"
"3e895b9f-d0a7-45c6-ae88-797e436f1fbd","이안서가중고등 ( 법인 사업자 )","중소벤처기업진흥공단","부결","관호","2026-05-13","기업목록에 없음/표기불일치"
"aff58eb6-4648-4cd1-80b8-b8dcb333ddf9","이안서가중고등 ( 법인 사업자 )","중소벤처기업진흥공단","부결","","2026-05-13","기업목록에 없음/표기불일치"
"fa27d6b1-02ab-4d87-8daa-76406a35afae","이안서가중고등 ( 법인 사업자 )","중소벤처기업진흥공단","부결","","2026-05-13","기업목록에 없음/표기불일치"
"3ed46969-141c-4a3b-a737-2b2f8a3d1b58","이엔에프에너지(재도전특별자금)","소상공인시장진흥공단","상담/진단완료","관호","2026-05-14","이름에 메모 섞임"
"94973af6-7880-45cb-b048-bee915bc2341","인네이처(주)_유선안내(내년 3월부터 가능)","중소벤처기업진흥공단","부결","미현","2026-05-13","이름에 메모 섞임"
"11308b47-a031-4399-92b3-63f57a44f28d","인네이처(주)_유선안내(내년 3월부터 가능)","중소벤처기업진흥공단","부결","유진","2026-05-13","이름에 메모 섞임"
"f65e9d9a-74c8-4ddf-a765-bf3518f9c22b","제로디톡스(소진공 저신용)","소상공인시장진흥공단","상담/진단완료","관호","2026-05-14","기업목록에 없음/표기불일치"
"9084c053-b3ce-4454-bf03-3ff175fbd72c","제로디톡스(재도전 70백만원이 있어 3월 신청 예정)","소상공인시장진흥공단","상담/진단완료","유진","2026-05-14","이름에 메모 섞임"
"7b134304-41b6-47f3-8c7b-fca90ae15743","제로디톡스(재도전 70백만원이 있어 3월 신청 예정)","소상공인시장진흥공단","상담/진단완료","유진","2026-05-14","이름에 메모 섞임"
"069f9dbf-712b-481e-8d83-81569ed35316","제천한약농업회사법인(주)","중소벤처기업진흥공단","시작 전","동일","2026-07-01","법인 표기 차이((주)/주)…)"
"0a582753-e430-487a-ac10-3c9c1bd6544a","제천한약농업회사법인(주)","중소벤처기업진흥공단","부결","동일","2026-05-26","법인 표기 차이((주)/주)…)"
"a1de3109-cbf5-4531-ad00-2e610edcd9fe","제천한약영농조합","소상공인시장진흥공단","시작 전","유진","2026-05-13","기업목록에 없음/표기불일치"
"79656b3c-4f37-4f34-8bee-576340d86f98","제천한약영농조합","신용보증재단","온라인 신청 후 대기","동일","2026-05-13","기업목록에 없음/표기불일치"
"3c44b7f1-957c-40ae-9700-38c223adae83","제천한약영농조합법인","중소벤처기업진흥공단","부결","동일","2026-05-13","기업목록에 없음/표기불일치"
"303b82f0-291d-47b2-a35f-203d3ffac118","주)123에프앤비","신용보증재단","부결","유진","2026-05-13","법인 표기 차이((주)/주)…)"
"f8eb0766-d221-4260-bc57-7cdad3ba09c2","주)cbsc / 교육 이수 후 접수 완료","소상공인시장진흥공단","상담/진단완료","","2026-05-14","구분자(- /) 뒤 메모"
"192a4edd-79ea-469b-a31a-72ff74899222","주)나무","소상공인시장진흥공단","상담/진단완료","","2026-05-14","법인 표기 차이((주)/주)…)"
"a18f7a27-07e3-4f32-9499-94b75942ba4c","주)나무","소상공인시장진흥공단","상담/진단완료","","2026-05-14","법인 표기 차이((주)/주)…)"
"d87720d8-ba64-4aef-8a4c-fe9bcfa6b1f9","주)나무","소상공인시장진흥공단","상담/진단완료","","2026-05-14","법인 표기 차이((주)/주)…)"
"20388a6a-66e7-4784-bc28-bbb97a6afa7d","주)큰수레협동조합","소상공인시장진흥공단","상담/진단완료","관호","2026-05-14","법인 표기 차이((주)/주)…)"
"09f4aedb-3b87-4b12-8e2d-19e67db0f309","주)큰수레협동조합","소상공인시장진흥공단","상담/진단완료","관호","2026-05-14","법인 표기 차이((주)/주)…)"
"a521e146-2ea9-4894-bfd8-b65569b27bb0","주식회사 신원","소상공인시장진흥공단","상담/진단완료","","2026-05-14","법인 표기 차이((주)/주)…)"
"4492197f-036b-4f4b-bd51-0e6039acc114","주식회사 신원","소상공인시장진흥공단","상담/진단완료","","2026-05-14","법인 표기 차이((주)/주)…)"
"12df7bda-0135-438e-bae2-c6956d432b08","주식회사 와이에스푸드 ( 다미설 법인 )_1억조달완료","중소벤처기업진흥공단","완료","유진","2026-05-13","밑줄(_) 메모"
"483e9db0-9613-4b46-8105-a63cf75f054d","준푸드","중소벤처기업진흥공단","부결","","2026-05-13","기업목록에 없음/표기불일치"
"6ae61d69-95fb-4a59-a6b9-3874132d15b1","준푸드","중소벤처기업진흥공단","부결","","2026-05-13","기업목록에 없음/표기불일치"
"0a51b9ef-0421-4583-bf64-0069fdb51a78","지원중기","소상공인시장진흥공단","부결","관호","2026-05-16","기업목록에 없음/표기불일치"
"b4d1b77b-23ad-4cc6-b04a-7a2885fea4e1","지원중기 4월초 다시확인 (연체 8백)","소상공인시장진흥공단","상담/진단완료","관호","2026-05-14","이름에 메모 섞임"
"fb229757-eb88-4346-a6df-0d1988903e10","지환2태양광발전소","소상공인시장진흥공단","시작 전","","2026-05-18","기업목록에 없음/표기불일치"
"2c55c75a-ce12-486d-854a-0b879c89378e","지환2태양광발전소(올타임커피)","소상공인시장진흥공단","부결","관호","2026-05-16","기업목록에 없음/표기불일치"
"84d10319-dbaa-4c25-bbf7-22e14c4b2824","지환2태양광발전소(올타임커피)","소상공인시장진흥공단","부결","관호","2026-05-13","기업목록에 없음/표기불일치"
"b0d658aa-fa1a-4f69-b416-04d291628c73","지환2태양광발전소(올타임커피)(3/5국세지방세체납없음)","소상공인시장진흥공단","시작 전","관호","2026-05-13","이름에 메모 섞임"
"0850ff94-2303-4105-9359-b080996879eb","찡어맨 ( 재도전 상환연장은 다음달에 진횅 )","소상공인시장진흥공단","상담/진단완료","관호","2026-05-14","이름에 메모 섞임"
"0641a21d-c243-4226-b816-06fcc9f15a8a","찡어맨(지방세 체납 )","소상공인시장진흥공단","자금집행완료","관호","2026-05-14","기업목록에 없음/표기불일치"
"0ff22524-6fd3-4af0-94fa-e9342e4e920c","천하종합상사 / 교육 이수 후 접수 완료","소상공인시장진흥공단","시작 전","","2026-05-18","구분자(- /) 뒤 메모"
"67ab2f19-5e72-4c45-aefb-4960b4b6677d","천하종합상사(체납)","소상공인시장진흥공단","자금집행완료","관호","2026-05-14","기업목록에 없음/표기불일치"
"e14b4e79-9300-4338-9795-0a5ba27f195c","청용주유소( 동안주유소 내용동일)","소상공인시장진흥공단","시작 전","관호","2026-05-13","기업목록에 없음/표기불일치"
"e8d1d534-b94b-4901-8e78-1c512263f986","청풍발리호텔(키오스크 계약서 요청, 설치후 철수 인정서밖에 없음)","소상공인시장진흥공단","부결","관호","2026-05-13","이름에 메모 섞임"
"f500b6ad-2a59-4b06-861f-605e5a508152","청하((주)청화정보기술)","소상공인시장진흥공단","시작 전","유진","2026-05-13","법인 표기 차이((주)/주)…)"
"53a93768-1c11-4f91-821e-93140428b5c6","청하((주)청화정보기술)","소상공인시장진흥공단","진행불가","관호","2026-05-16","법인 표기 차이((주)/주)…)"
"536cfb34-75b6-4e94-82d3-4655548a56ca","츄맥 ( 오픈초기 정신없어서 잠수 )","소상공인시장진흥공단","시작 전","관호","2026-05-13","기업목록에 없음/표기불일치"
"55ec3df6-9d4a-4b36-902b-943970393af2","츄맥 ( 잠수 )","소상공인시장진흥공단","시작 전","관호","2026-05-13","기업목록에 없음/표기불일치"
"34ddb391-7ef7-44b9-9174-6849928bbff9","칼라스토리","소상공인시장진흥공단","보류","관호","2026-05-16","기업목록에 없음/표기불일치"
"f6a0d0d3-f85a-46dc-8cea-06dd846f4395","칼라스토리","소상공인시장진흥공단","시작 전","관호","2026-06-22","기업목록에 없음/표기불일치"
"25f4be72-9f89-4bcf-a679-85e358b0afff","쿡솜씨협동조합 / 교육 이수 후 접수 완료","소상공인시장진흥공단","상담/진단완료","","2026-05-14","구분자(- /) 뒤 메모"
"a617439f-b65d-4f53-805f-5e422a842b3e","타와이3133","소상공인시장진흥공단","완료","","2026-05-18","기업목록에 없음/표기불일치"
"9960f4c6-7c0c-47bf-a232-e860c0af57df","타와이3133 (엘에스에너지)","소상공인시장진흥공단","상담/진단완료","관호","2026-05-14","기업목록에 없음/표기불일치"
"55506c5b-1dda-4d99-a235-a05cfd2edb7f","타이어프로 -","소상공인시장진흥공단","자금집행완료","유진","2026-05-14","기업목록에 없음/표기불일치"
"09c135eb-08cd-411a-a70f-e46144046f90","타이어프로 -","소상공인시장진흥공단","자금집행완료","유진","2026-05-14","기업목록에 없음/표기불일치"
"611fc653-be64-45fe-a80b-793bef1e0449","타이어프로 -","소상공인시장진흥공단","자금집행완료","유진","2026-05-14","기업목록에 없음/표기불일치"
"31ab9bba-4dd6-4154-af69-368092ca258d","토탈아트","신용보증재단","자금집행완료","","2026-05-14","기업목록에 없음/표기불일치"
"41516f9c-21b1-4d70-a353-cf245e994c84","토탈아트","신용보증재단","자금집행완료","","2026-05-14","기업목록에 없음/표기불일치"
"3cc2fc8b-bf59-46d7-8d57-31c5bbace36f","토탈아트","신용보증재단","자금집행완료","","2026-05-14","기업목록에 없음/표기불일치"
"dd5a9092-a2d8-4a9b-bbd3-8e8258b3109a","토탈아트코리아 ( 고용링크 있음 )","중소벤처기업진흥공단","부결","","2026-05-13","기업목록에 없음/표기불일치"
"23a10cae-a506-42cd-8ec5-b1ee1a78aa3f","토탈아트코리아 ( 고용링크 있음 )","중소벤처기업진흥공단","부결","","2026-05-13","기업목록에 없음/표기불일치"
"2a1feb23-9e8e-43ef-be0b-917f0f596b89","티와이3133","신용보증재단","부결","관호","2026-05-18","기업목록에 없음/표기불일치"
"821752c7-9cbe-4045-be50-cc0849f879f7","파이브투_재단 부결 및 저신용 3천 받으심 비협조로 방치중","소상공인시장진흥공단","시작 전","관호","2026-05-13","밑줄(_) 메모"
"65c44a7e-5623-4e80-9532-356b3ad5b707","푸드닥터 채육식당 성수점","소상공인시장진흥공단","시작 전","유진","2026-05-13","기업목록에 없음/표기불일치"
"ff5568c3-3dec-4ceb-a9f7-905a8977a5b1","풍짬 (2월 스마트 기기)","소상공인시장진흥공단","자금집행완료","관호","2026-05-14","기업목록에 없음/표기불일치"
"3f6bdaf5-30a8-4828-adf9-e06d49381459","풍짬(3/5국세지방세 체납없음)","소상공인시장진흥공단","시작 전","관호","2026-05-13","구분자(- /) 뒤 메모"
"48651fe0-3f36-4b19-82e4-c4cf8a41fd47","프로페나인어클락","중소벤처기업진흥공단","승인","","2026-05-13","기업목록에 없음/표기불일치"
"14040d11-f268-4f81-86f4-e50ecfd9a5eb","프로페나인어클락","기술보증기금","기관 방문 전","","2026-05-18","기업목록에 없음/표기불일치"
"3a45055c-7500-41a2-8505-a24df5f74363","프로페나인어클락","중소벤처기업진흥공단","승인","","2026-05-13","기업목록에 없음/표기불일치"
"fd4f3174-2d01-4a8f-a80a-b37819ba0d6c","프로페나인어클락","신용보증기금","기관신청대기/방문예정","","2026-05-14","기업목록에 없음/표기불일치"
"08a68d4f-a6d1-446e-a3db-e2308e2a8cb4","프로페나인어클락","신용보증기금","기관신청대기/방문예정","","2026-05-14","기업목록에 없음/표기불일치"
"e867d24a-260e-4f85-ad38-768b5b865cc8","프로페나인어클락","신용보증기금","기관신청대기/방문예정","","2026-05-14","기업목록에 없음/표기불일치"
"793f9356-e71f-4ee8-bca9-4d29d2d4e491","프로페나인어클락","신용보증재단","보류","동일","2026-05-20","기업목록에 없음/표기불일치"
"34d320e5-b277-4ba8-8f2e-e27c3fea8cbe","피치플레이_AI 스마트 자판기, S/W","소상공인시장진흥공단","부결","관호","2026-05-13","밑줄(_) 메모"
"4eff4b86-50aa-4b4c-bde9-51ccb7ea1837","피치플레이(소진공 신청이력없음 )","소상공인시장진흥공단","상담/진단완료","관호","2026-05-14","이름에 메모 섞임"
"6eadc7a9-744e-4577-b006-d8d346157e73","피치플레이(혁신성장 스마트기술)","소상공인시장진흥공단","상담/진단완료","관호","2026-05-14","기업목록에 없음/표기불일치"
"c664a530-ec7b-4787-8ad9-0f69ac311473","피코스산업(주)","소상공인시장진흥공단","상담/진단완료","유진","2026-05-14","법인 표기 차이((주)/주)…)"
"17c3348c-ace7-4915-b3d1-cd4cf5664f8f","피코스산업(주)","소상공인시장진흥공단","상담/진단완료","유진","2026-05-14","법인 표기 차이((주)/주)…)"
"c1ab9514-75ae-41e0-8a60-0086cbb775c6","하은운송(3/6국세지방세체납없음)","소상공인시장진흥공단","시작 전","관호","2026-05-13","이름에 메모 섞임"
"ef11bb91-94b5-46cc-b186-8a167af7c158","한국가스켓","소상공인시장진흥공단","시작 전","유진","2026-05-13","기업목록에 없음/표기불일치"
"f2181ba9-ef5f-4e6e-89f8-fb646ff4da80","허브바이오앤테크","소상공인시장진흥공단","부결","","2026-05-18","기업목록에 없음/표기불일치"
"1db128a5-dc10-4ef3-958c-04b81317563d","허브바이오앤테크","소상공인시장진흥공단","완료","","2026-05-18","기업목록에 없음/표기불일치"
"0a769267-1759-4957-8313-17bbe79f22e0","허브바이오앤테크(주)","소상공인시장진흥공단","상담/진단완료","유진","2026-05-14","법인 표기 차이((주)/주)…)"
"6065ea30-4bef-4edf-bb9b-4d9af96e5937","허브바이오앤테크(주)","소상공인시장진흥공단","자금집행완료","유진","2026-05-14","법인 표기 차이((주)/주)…)"
"3faf4a47-1a05-4a83-a0fc-781aae28f268","허브바이오앤테크(주)","소상공인시장진흥공단","자금집행완료","유진","2026-05-14","법인 표기 차이((주)/주)…)"
"a4973ca7-e855-48ea-90a5-66c518639819","헤움 ( 5년에 3번이상 수혜(저신용포함)","소상공인시장진흥공단","자금집행완료","관호","2026-05-14","기업목록에 없음/표기불일치"
"55dc7aee-5ea9-49ca-b42d-d807d17abbbd","헤움 ( 5년에 3번이상 수혜(저신용포함)","소상공인시장진흥공단","자금집행완료","관호","2026-05-14","기업목록에 없음/표기불일치"
"76b39136-d683-4b20-a5ad-d2878ab78c3e","헤움 ( 집중관리기업 3회차 납부 확인후 신청 )","소상공인시장진흥공단","시작 전","관호","2026-05-13","기업목록에 없음/표기불일치"
"13e20fdd-d2d1-41cc-b2b2-366541ddb3b5","호산이엔티","중소벤처기업진흥공단","시작 전","","2026-06-05","기업목록에 없음/표기불일치"
